Stock name,Symbol,Link

Premier Explosives Limited,PREMEXPLN,"""https://in.tradingview.com/chart/2bVEvBAI/?symbol=NSE:PREMEXPLN"""
Premier Limited,PREMIER,"""https://in.tradingview.com/chart/2bVEvBAI/?symbol=NSE:PREMIER"""
Premier Energies Ltd,PREMIERENE,"""https://in.tradingview.com/chart/2bVEvBAI/?symbol=NSE:PREMIERENE"""
Premier Polyfilm Limited,PREMIERPOL,"""https://in.tradingview.com/chart/2bVEvBAI/?symbol=NSE:PREMIERPOL"""
Prestige Estates Projects Limited,PRESTIGE,"""https://in.tradingview.com/chart/2bVEvBAI/?symbol=NSE:PRESTIGE"""
Pricol Ltd.,PRICOLLTD,"""https://in.tradingview.com/chart/2bVEvBAI/?symbol=NSE:PRICOLLTD"""
Prime Securities Limited,PRIMESECU,"""https://in.tradingview.com/chart/2bVEvBAI/?symbol=NSE:PRIMESECU"""
Prince Pipes & Fittings Ltd,PRINCEPIPE,"""https://in.tradingview.com/chart/2bVEvBAI/?symbol=NSE:PRINCEPIPE"""
Priti International Ltd,PRITI,"""https://in.tradingview.com/chart/2bVEvBAI/?symbol=NSE:PRITI"""
Pritika Auto Industries Ltd,PRITIKAUTO,"""https://in.tradingview.com/chart/2bVEvBAI/?symbol=NSE:PRITIKAUTO"""
Privi Speciality Chemicals Ltd,PRIVISCL,"""https://in.tradingview.com/chart/2bVEvBAI/?symbol=NSE:PRIVISCL"""
Protean eGov Technologies Ltd,PROTEAN,"""https://in.tradingview.com/chart/2bVEvBAI/?symbol=NSE:PROTEAN"""
Prozone Realty Ltd,PROZONER,"""https://in.tradingview.com/chart/2bVEvBAI/?symbol=NSE:PROZONER"""
Prism Johnson Ltd,PRSMJOHNSN,"""https://in.tradingview.com/chart/2bVEvBAI/?symbol=NSE:PRSMJOHNSN"""
Prudent Corporate Advisory Services Ltd,PRUDENT,"""https://in.tradingview.com/chart/2bVEvBAI/?symbol=NSE:PRUDENT"""
Punjab & Sind Bank,PSB,"""https://in.tradingview.com/chart/2bVEvBAI/?symbol=NSE:PSB"""
PSP Projects,PSPPROJECT,"""https://in.tradingview.com/chart/2bVEvBAI/?symbol=NSE:PSPPROJECT"""
Kotak Nifty PSU Bank ETF,PSUBANK,"""https://in.tradingview.com/chart/2bVEvBAI/?symbol=NSE:PSUBANK"""
DSP Nifty PSU Bank ETF,PSUBANKADD,"""https://in.tradingview.com/chart/2bVEvBAI/?symbol=NSE:PSUBANKADD"""
Nippon India ETF PSU Bank Bees,PSUBNKBEES,"""https://in.tradingview.com/chart/2bVEvBAI/?symbol=NSE:PSUBNKBEES"""
ICICI Prudential Nifty PSU Bank ETF,PSUBNKIETF,"""https://in.tradingview.com/chart/2bVEvBAI/?symbol=NSE:PSUBNKIETF"""
Ptc India Limited,PTC,"""https://in.tradingview.com/chart/2bVEvBAI/?symbol=NSE:PTC"""
PTC Industries Ltd,PTCIL,"""https://in.tradingview.com/chart/2bVEvBAI/?symbol=NSE:PTCIL"""
Ptl Enterprises Limited,PTL,"""https://in.tradingview.com/chart/2bVEvBAI/?symbol=NSE:PTL"""
Punjab Chemicals & Crop Protection Limited,PUNJABCHEM,"""https://in.tradingview.com/chart/2bVEvBAI/?symbol=NSE:PUNJABCHEM"""
Puravankara Projects Limited,PURVA,"""https://in.tradingview.com/chart/2bVEvBAI/?symbol=NSE:PURVA"""
Pvp Ventures Limited,PVP,"""https://in.tradingview.com/chart/2bVEvBAI/?symbol=NSE:PVP"""
PVR Inox Ltd,PVRINOX,"""https://in.tradingview.com/chart/2bVEvBAI/?symbol=NSE:PVRINOX"""
Popular Vehicles & Services Ltd,PVSL,"""https://in.tradingview.com/chart/2bVEvBAI/?symbol=NSE:PVSL"""
ICICI Prudential Nifty Private Bank ETF,PVTBANIETF,"""https://in.tradingview.com/chart/2bVEvBAI/?symbol=NSE:PVTBANIETF"""
DSP Nifty Private Bank ETF,PVTBANKADD,"""https://in.tradingview.com/chart/2bVEvBAI/?symbol=NSE:PVTBANKADD"""
Pyramid Technoplast Ltd,PYRAMID,"""https://in.tradingview.com/chart/2bVEvBAI/?symbol=NSE:PYRAMID"""
Quantum Gold Fund ETF,QGOLDHALF,"""https://in.tradingview.com/chart/2bVEvBAI/?symbol=NSE:QGOLDHALF"""
QNIFTY,QNIFTY,"""https://in.tradingview.com/chart/2bVEvBAI/?symbol=NSE:QNIFTY"""
Quality Power Electrical Equipments Ltd,QPOWER,"""https://in.tradingview.com/chart/2bVEvBAI/?symbol=NSE:QPOWER"""
Quadrant Future Tek Ltd,QUADFUTURE,"""https://in.tradingview.com/chart/2bVEvBAI/?symbol=NSE:QUADFUTURE"""
ICICI Prudential Nifty 200 Quality 30 ETF,QUAL30IETF,"""https://in.tradingview.com/chart/2bVEvBAI/?symbol=NSE:QUAL30IETF"""
Quess Corp Limited,QUESS,"""https://in.tradingview.com/chart/2bVEvBAI/?symbol=NSE:QUESS"""
Quick Heal Technologies Limited,QUICKHEAL,"""https://in.tradingview.com/chart/2bVEvBAI/?symbol=NSE:QUICKHEAL"""
Race Eco Chain Ltd,RACE,"""https://in.tradingview.com/chart/2bVEvBAI/?symbol=NSE:RACE"""
RACL Geartech Ltd,RACLGEAR,"""https://in.tradingview.com/chart/2bVEvBAI/?symbol=NSE:RACLGEAR"""
Radaan Mediaworks India Limited,RADAAN,"""https://in.tradingview.com/chart/2bVEvBAI/?symbol=NSE:RADAAN"""
Radhika Jeweltech Ltd,RADHIKAJWE,"""https://in.tradingview.com/chart/2bVEvBAI/?symbol=NSE:RADHIKAJWE"""
Radiant Cash Management Services Ltd,RADIANTCMS,"""https://in.tradingview.com/chart/2bVEvBAI/?symbol=NSE:RADIANTCMS"""
Radico Khaitan Limited,RADICO,"""https://in.tradingview.com/chart/2bVEvBAI/?symbol=NSE:RADICO"""
Music Broadcast,RADIOCITY,"""https://in.tradingview.com/chart/2bVEvBAI/?symbol=NSE:RADIOCITY"""
Railtel Corporation of India Ltd,RAILTEL,"""https://in.tradingview.com/chart/2bVEvBAI/?symbol=NSE:RAILTEL"""
Rain Industries Limited,RAIN,"""https://in.tradingview.com/chart/2bVEvBAI/?symbol=NSE:RAIN"""
Rainbow Childrens Medicare Ltd,RAINBOW,"""https://in.tradingview.com/chart/2bVEvBAI/?symbol=NSE:RAINBOW"""
Rajesh Exports Limited,RAJESHEXPO,"""https://in.tradingview.com/chart/2bVEvBAI/?symbol=NSE:RAJESHEXPO"""
Rajnandini Metal Ltd,RAJMET,"""https://in.tradingview.com/chart/2bVEvBAI/?symbol=NSE:RAJMET"""
Rajratan Global Wire Ltd,RAJRATAN,"""https://in.tradingview.com/chart/2bVEvBAI/?symbol=NSE:RAJRATAN"""
Raj Rayon Industries Ltd,RAJRILTD,"""https://in.tradingview.com/chart/2bVEvBAI/?symbol=NSE:RAJRILTD"""
Rajshree Sugars & Chemicals Limited,RAJSREESUG,"""https://in.tradingview.com/chart/2bVEvBAI/?symbol=NSE:RAJSREESUG"""
Raj Television Network Limited,RAJTV,"""https://in.tradingview.com/chart/2bVEvBAI/?symbol=NSE:RAJTV"""
Rallis India Limited,RALLIS,"""https://in.tradingview.com/chart/2bVEvBAI/?symbol=NSE:RALLIS"""
Shree Rama Newsprint Limited,RAMANEWS,"""https://in.tradingview.com/chart/2bVEvBAI/?symbol=NSE:RAMANEWS"""
Rama Phosphates Ltd,RAMAPHO,"""https://in.tradingview.com/chart/2bVEvBAI/?symbol=NSE:RAMAPHO"""
Rama Steel Tubes Limited,RAMASTEEL,"""https://in.tradingview.com/chart/2bVEvBAI/?symbol=NSE:RAMASTEEL"""
The Ramco Cements Limited,RAMCOCEM,"""https://in.tradingview.com/chart/2bVEvBAI/?symbol=NSE:RAMCOCEM"""
Ramco Industries Limited,RAMCOIND,"""https://in.tradingview.com/chart/2bVEvBAI/?symbol=NSE:RAMCOIND"""
Ramco Systems Limited,RAMCOSYS,"""https://in.tradingview.com/chart/2bVEvBAI/?symbol=NSE:RAMCOSYS"""
Ramky Infrastructure Limited,RAMKY,"""https://in.tradingview.com/chart/2bVEvBAI/?symbol=NSE:RAMKY"""
Ram Ratna Wires Ltd,RAMRAT,"""https://in.tradingview.com/chart/2bVEvBAI/?symbol=NSE:RAMRAT"""
Rana Sugars Limited,RANASUG,"""https://in.tradingview.com/chart/2bVEvBAI/?symbol=NSE:RANASUG"""
Rane Engine Valve Limited,RANEENGINE,"""https://in.tradingview.com/chart/2bVEvBAI/?symbol=NSE:RANEENGINE"""
Rane Holdings Limited,RANEHOLDIN,"""https://in.tradingview.com/chart/2bVEvBAI/?symbol=NSE:RANEHOLDIN"""
Rategain Travel Technologies Ltd,RATEGAIN,"""https://in.tradingview.com/chart/2bVEvBAI/?symbol=NSE:RATEGAIN"""
Ratnamani Metals & Tubes Limited,RATNAMANI,"""https://in.tradingview.com/chart/2bVEvBAI/?symbol=NSE:RATNAMANI"""
Ratnaveer Precision Engineering Ltd,RATNAVEER,"""https://in.tradingview.com/chart/2bVEvBAI/?symbol=NSE:RATNAVEER"""
Raymond Limited,RAYMOND,"""https://in.tradingview.com/chart/2bVEvBAI/?symbol=NSE:RAYMOND"""
Raymond Lifestyle Ltd,RAYMONDLSL,"""https://in.tradingview.com/chart/2bVEvBAI/?symbol=NSE:RAYMONDLSL"""
Restaurant Brands Asia Ltd,RBA,"""https://in.tradingview.com/chart/2bVEvBAI/?symbol=NSE:RBA"""
Rane Brake Lining Limited,RBL,"""https://in.tradingview.com/chart/2bVEvBAI/?symbol=NSE:RBL"""
Rbl Bank Limited,RBLBANK,"""https://in.tradingview.com/chart/2bVEvBAI/?symbol=NSE:RBLBANK"""
RBZ Jewellers Ltd,RBZJEWEL,"""https://in.tradingview.com/chart/2bVEvBAI/?symbol=NSE:RBZJEWEL"""
Rashtriya Chemicals And Fertilizers Limited,RCF,"""https://in.tradingview.com/chart/2bVEvBAI/?symbol=NSE:RCF"""
Rural Electrification Corporation Limited,RECLTD,"""https://in.tradingview.com/chart/2bVEvBAI/?symbol=NSE:RECLTD"""
Redington (india) Limited,REDINGTON,"""https://in.tradingview.com/chart/2bVEvBAI/?symbol=NSE:REDINGTON"""
Redtape Ltd,REDTAPE,"""https://in.tradingview.com/chart/2bVEvBAI/?symbol=NSE:REDTAPE"""
Refex Industries Limited,REFEX,"""https://in.tradingview.com/chart/2bVEvBAI/?symbol=NSE:REFEX"""
Regency Ceramics Limited,REGENCERAM,"""https://in.tradingview.com/chart/2bVEvBAI/?symbol=NSE:REGENCERAM"""
Relaxo Footwears Limited,RELAXO,"""https://in.tradingview.com/chart/2bVEvBAI/?symbol=NSE:RELAXO"""
Reliance Chemotex Industries Ltd,RELCHEMQ,"""https://in.tradingview.com/chart/2bVEvBAI/?symbol=NSE:RELCHEMQ"""
Reliable Data Services Ltd,RELIABLE,"""https://in.tradingview.com/chart/2bVEvBAI/?symbol=NSE:RELIABLE"""
Reliance Industries Limited,RELIANCE,"""https://in.tradingview.com/chart/2bVEvBAI/?symbol=NSE:RELIANCE"""
Religare Enterprises Limited,RELIGARE,"""https://in.tradingview.com/chart/2bVEvBAI/?symbol=NSE:RELIGARE"""
Reliance Infrastructure Limited,RELINFRA,"""https://in.tradingview.com/chart/2bVEvBAI/?symbol=NSE:RELINFRA"""
Ravindra Energy Ltd,RELTD,"""https://in.tradingview.com/chart/2bVEvBAI/?symbol=NSE:RELTD"""
Remsons Industries Limited,REMSONSIND,"""https://in.tradingview.com/chart/2bVEvBAI/?symbol=NSE:REMSONSIND"""
Shree Renuka Sugars Limited,RENUKA,"""https://in.tradingview.com/chart/2bVEvBAI/?symbol=NSE:RENUKA"""
Repco Home Finance Limited,REPCOHOME,"""https://in.tradingview.com/chart/2bVEvBAI/?symbol=NSE:REPCOHOME"""
Rudrabhishek Enterprises Ltd,REPL,"""https://in.tradingview.com/chart/2bVEvBAI/?symbol=NSE:REPL"""
Repro India Limited,REPRO,"""https://in.tradingview.com/chart/2bVEvBAI/?symbol=NSE:REPRO"""
Responsive Industries Limited,RESPONIND,"""https://in.tradingview.com/chart/2bVEvBAI/?symbol=NSE:RESPONIND"""
JHS Svendgaard Retail Ventures Ltd,RETAIL,"""https://in.tradingview.com/chart/2bVEvBAI/?symbol=NSE:RETAIL"""
Renaissance Global Ltd,RGL,"""https://in.tradingview.com/chart/2bVEvBAI/?symbol=NSE:RGL"""
Reliance Home Finance Ltd,RHFL,"""https://in.tradingview.com/chart/2bVEvBAI/?symbol=NSE:RHFL"""
RHI Magnesita India Ltd,RHIM,"""https://in.tradingview.com/chart/2bVEvBAI/?symbol=NSE:RHIM"""
Robust Hotels Pvt Ltd,RHL,"""https://in.tradingview.com/chart/2bVEvBAI/?symbol=NSE:RHL"""
Rico Auto Industries Limited,RICOAUTO,"""https://in.tradingview.com/chart/2bVEvBAI/?symbol=NSE:RICOAUTO"""
Reliance Industrial Infrastructure Limited,RIIL,"""https://in.tradingview.com/chart/2bVEvBAI/?symbol=NSE:RIIL"""
Rishabh Instruments Ltd,RISHABH,"""https://in.tradingview.com/chart/2bVEvBAI/?symbol=NSE:RISHABH"""
Ritco Logistics Ltd,RITCO,"""https://in.tradingview.com/chart/2bVEvBAI/?symbol=NSE:RITCO"""
Rites Ltd,RITES,"""https://in.tradingview.com/chart/2bVEvBAI/?symbol=NSE:RITES"""
Ravi Kumar Distilleries Limited,RKDL,"""https://in.tradingview.com/chart/2bVEvBAI/?symbol=NSE:RKDL"""
RKEC Projects Ltd,RKEC,"""https://in.tradingview.com/chart/2bVEvBAI/?symbol=NSE:RKEC"""
Ramkrishna Forgings Limited,RKFORGE,"""https://in.tradingview.com/chart/2bVEvBAI/?symbol=NSE:RKFORGE"""
R K Swamy Ltd,RKSWAMY,"""https://in.tradingview.com/chart/2bVEvBAI/?symbol=NSE:RKSWAMY"""
Rane (madras) Limited,RML,"""https://in.tradingview.com/chart/2bVEvBAI/?symbol=NSE:RML"""
Royal Orchid Hotels Limited,ROHLTD,"""https://in.tradingview.com/chart/2bVEvBAI/?symbol=NSE:ROHLTD"""
Rolex Rings Ltd,ROLEXRINGS,"""https://in.tradingview.com/chart/2bVEvBAI/?symbol=NSE:ROLEXRINGS"""
Rollatainers Limited,ROLLT,"""https://in.tradingview.com/chart/2bVEvBAI/?symbol=NSE:ROLLT"""
Rolta India Limited,ROLTA,"""https://in.tradingview.com/chart/2bVEvBAI/?symbol=NSE:ROLTA"""
Raj Oil Mills Ltd,ROML,"""https://in.tradingview.com/chart/2bVEvBAI/?symbol=NSE:ROML"""
Rossari Biotech Ltd,ROSSARI,"""https://in.tradingview.com/chart/2bVEvBAI/?symbol=NSE:ROSSARI"""
Rossell India Limited,ROSSELLIND,"""https://in.tradingview.com/chart/2bVEvBAI/?symbol=NSE:ROSSELLIND"""
Rossell Techsys Ltd,ROSSTECH,"""https://in.tradingview.com/chart/2bVEvBAI/?symbol=NSE:ROSSTECH"""
Roto Pumps Ltd,ROTO,"""https://in.tradingview.com/chart/2bVEvBAI/?symbol=NSE:ROTO"""
Route Mobile Ltd,ROUTE,"""https://in.tradingview.com/chart/2bVEvBAI/?symbol=NSE:ROUTE"""
Raghav Productivity Enhancers Ltd,RPEL,"""https://in.tradingview.com/chart/2bVEvBAI/?symbol=NSE:RPEL"""
Rpg Life Sciences Limited,RPGLIFE,"""https://in.tradingview.com/chart/2bVEvBAI/?symbol=NSE:RPGLIFE"""
Reliance Power Limited,RPOWER,"""https://in.tradingview.com/chart/2bVEvBAI/?symbol=NSE:RPOWER"""
R.p.p. Infra Projects Limited,RPPINFRA,"""https://in.tradingview.com/chart/2bVEvBAI/?symbol=NSE:RPPINFRA"""
Rajshree Polypack Ltd,RPPL,"""https://in.tradingview.com/chart/2bVEvBAI/?symbol=NSE:RPPL"""
RPSG Ventures Ltd,RPSGVENT,"""https://in.tradingview.com/chart/2bVEvBAI/?symbol=NSE:RPSGVENT"""
Rashi Peripherals Ltd,RPTECH,"""https://in.tradingview.com/chart/2bVEvBAI/?symbol=NSE:RPTECH"""
R R Kabel Ltd,RRKABEL,"""https://in.tradingview.com/chart/2bVEvBAI/?symbol=NSE:RRKABEL"""
R. S. Software (india) Limited,RSSOFTWARE,"""https://in.tradingview.com/chart/2bVEvBAI/?symbol=NSE:RSSOFTWARE"""
Rswm Limited,RSWM,"""https://in.tradingview.com/chart/2bVEvBAI/?symbol=NSE:RSWM"""
R Systems International Limited,RSYSTEMS,"""https://in.tradingview.com/chart/2bVEvBAI/?symbol=NSE:RSYSTEMS"""
RattanIndia Enterprises Ltd,RTNINDIA,"""https://in.tradingview.com/chart/2bVEvBAI/?symbol=NSE:RTNINDIA"""
Rattanindia Power Limited,RTNPOWER,"""https://in.tradingview.com/chart/2bVEvBAI/?symbol=NSE:RTNPOWER"""
Rubfila International Ltd,RUBFILA,"""https://in.tradingview.com/chart/2bVEvBAI/?symbol=NSE:RUBFILA"""
The Ruby Mills Limited,RUBYMILLS,"""https://in.tradingview.com/chart/2bVEvBAI/?symbol=NSE:RUBYMILLS"""
Ruchi Infrastructure Limited,RUCHINFRA,"""https://in.tradingview.com/chart/2bVEvBAI/?symbol=NSE:RUCHINFRA"""
Ruchira Papers Limited,RUCHIRA,"""https://in.tradingview.com/chart/2bVEvBAI/?symbol=NSE:RUCHIRA"""
Rupa & Company Limited,RUPA,"""https://in.tradingview.com/chart/2bVEvBAI/?symbol=NSE:RUPA"""
Rushil Decor Limited,RUSHIL,"""https://in.tradingview.com/chart/2bVEvBAI/?symbol=NSE:RUSHIL"""
Keystone Realtors Ltd,RUSTOMJEE,"""https://in.tradingview.com/chart/2bVEvBAI/?symbol=NSE:RUSTOMJEE"""
Ravinder Heights Ltd,RVHL,"""https://in.tradingview.com/chart/2bVEvBAI/?symbol=NSE:RVHL"""
Rail Vikas Nigam Ltd,RVNL,"""https://in.tradingview.com/chart/2bVEvBAI/?symbol=NSE:RVNL"""
Revathi Equipment India Ltd,RVTH,"""https://in.tradingview.com/chart/2bVEvBAI/?symbol=NSE:RVTH"""
S & S Power Switchgear Ltd,S&SPOWER,"""https://in.tradingview.com/chart/2bVEvBAI/?symbol=NSE:S&SPOWER"""
Sadbhav Infrastructure Project Limited,SADBHIN,"""https://in.tradingview.com/chart/2bVEvBAI/?symbol=NSE:SADBHIN"""
Sadhana Nitro Chem Ltd,SADHNANIQ,"""https://in.tradingview.com/chart/2bVEvBAI/?symbol=NSE:SADHNANIQ"""
Safari Industries (India) Ltd,SAFARI,"""https://in.tradingview.com/chart/2bVEvBAI/?symbol=NSE:SAFARI"""
Sagardeep Alloys Ltd,SAGARDEEP,"""https://in.tradingview.com/chart/2bVEvBAI/?symbol=NSE:SAGARDEEP"""
Sagar Cements Limited,SAGCEM,"""https://in.tradingview.com/chart/2bVEvBAI/?symbol=NSE:SAGCEM"""
Sagility India Ltd,SAGILITY,"""https://in.tradingview.com/chart/2bVEvBAI/?symbol=NSE:SAGILITY"""
Sah Polymers Ltd,SAH,"""https://in.tradingview.com/chart/2bVEvBAI/?symbol=NSE:SAH"""
Sahyadri Industries Ltd,SAHYADRI,"""https://in.tradingview.com/chart/2bVEvBAI/?symbol=NSE:SAHYADRI"""
Steel Authority Of India Limited,SAIL,"""https://in.tradingview.com/chart/2bVEvBAI/?symbol=NSE:SAIL"""
Sai Life Sciences Ltd,SAILIFE,"""https://in.tradingview.com/chart/2bVEvBAI/?symbol=NSE:SAILIFE"""
Sakar Healthcare Ltd,SAKAR,"""https://in.tradingview.com/chart/2bVEvBAI/?symbol=NSE:SAKAR"""
Sakthi Sugars Limited,SAKHTISUG,"""https://in.tradingview.com/chart/2bVEvBAI/?symbol=NSE:SAKHTISUG"""
Saksoft Limited,SAKSOFT,"""https://in.tradingview.com/chart/2bVEvBAI/?symbol=NSE:SAKSOFT"""
Salasar Techno Engineering Ltd,SALASAR,"""https://in.tradingview.com/chart/2bVEvBAI/?symbol=NSE:SALASAR"""
Salona Cotspin Limited,SALONA,"""https://in.tradingview.com/chart/2bVEvBAI/?symbol=NSE:SALONA"""
SAL Steel,SALSTEEL,"""https://in.tradingview.com/chart/2bVEvBAI/?symbol=NSE:SALSTEEL"""
Salzer Electronics Limited,SALZERELEC,"""https://in.tradingview.com/chart/2bVEvBAI/?symbol=NSE:SALZERELEC"""
Samhi Hotels Ltd,SAMHI,"""https://in.tradingview.com/chart/2bVEvBAI/?symbol=NSE:SAMHI"""
Sammaan Capital Ltd,SAMMAANCAP,"""https://in.tradingview.com/chart/2bVEvBAI/?symbol=NSE:SAMMAANCAP"""
Sampann Utpadan India Ltd,SAMPANN,"""https://in.tradingview.com/chart/2bVEvBAI/?symbol=NSE:SAMPANN"""
Sanathan Textiles Ltd,SANATHAN,"""https://in.tradingview.com/chart/2bVEvBAI/?symbol=NSE:SANATHAN"""
Sanco Industries Limited,SANCO,"""https://in.tradingview.com/chart/2bVEvBAI/?symbol=NSE:SANCO"""
The Sandesh Limited,SANDESH,"""https://in.tradingview.com/chart/2bVEvBAI/?symbol=NSE:SANDESH"""
Sandhar Technologies Limited,SANDHAR,"""https://in.tradingview.com/chart/2bVEvBAI/?symbol=NSE:SANDHAR"""
Sandur Manganese & Iron Ores Ltd,SANDUMA,"""https://in.tradingview.com/chart/2bVEvBAI/?symbol=NSE:SANDUMA"""
Sangam (india) Limited,SANGAMIND,"""https://in.tradingview.com/chart/2bVEvBAI/?symbol=NSE:SANGAMIND"""
Sanghi Industries Limited,SANGHIIND,"""https://in.tradingview.com/chart/2bVEvBAI/?symbol=NSE:SANGHIIND"""
Sanghvi Movers Limited,SANGHVIMOV,"""https://in.tradingview.com/chart/2bVEvBAI/?symbol=NSE:SANGHVIMOV"""
Sanginita Chemicals Ltd,SANGINITA,"""https://in.tradingview.com/chart/2bVEvBAI/?symbol=NSE:SANGINITA"""
Sanofi India Limited,SANOFI,"""https://in.tradingview.com/chart/2bVEvBAI/?symbol=NSE:SANOFI"""
Sanofi Consumer Healthcare India Ltd,SANOFICONR,"""https://in.tradingview.com/chart/2bVEvBAI/?symbol=NSE:SANOFICONR"""
Sansera Engineering Ltd,SANSERA,"""https://in.tradingview.com/chart/2bVEvBAI/?symbol=NSE:SANSERA"""
Sanstar Ltd,SANSTAR,"""https://in.tradingview.com/chart/2bVEvBAI/?symbol=NSE:SANSTAR"""
Sanwaria Agro Oils Limited,SANWARIA,"""https://in.tradingview.com/chart/2bVEvBAI/?symbol=NSE:SANWARIA"""
Sapphire Foods India Ltd,SAPPHIRE,"""https://in.tradingview.com/chart/2bVEvBAI/?symbol=NSE:SAPPHIRE"""
Sarda Energy & Minerals Limited,SARDAEN,"""https://in.tradingview.com/chart/2bVEvBAI/?symbol=NSE:SARDAEN"""
Saregama India Limited,SAREGAMA,"""https://in.tradingview.com/chart/2bVEvBAI/?symbol=NSE:SAREGAMA"""
Sarla Performance Fibers Limited,SARLAPOLY,"""https://in.tradingview.com/chart/2bVEvBAI/?symbol=NSE:SARLAPOLY"""
Sarveshwar Foods Ltd,SARVESHWAR,"""https://in.tradingview.com/chart/2bVEvBAI/?symbol=NSE:SARVESHWAR"""
Sasken Communication Technologies Limited,SASKEN,"""https://in.tradingview.com/chart/2bVEvBAI/?symbol=NSE:SASKEN"""
Sastasundar Ventures Limited,SASTASUNDR,"""https://in.tradingview.com/chart/2bVEvBAI/?symbol=NSE:SASTASUNDR"""
Satia Industries Ltd,SATIA,"""https://in.tradingview.com/chart/2bVEvBAI/?symbol=NSE:SATIA"""
Satin Creditcare Network Limited,SATIN,"""https://in.tradingview.com/chart/2bVEvBAI/?symbol=NSE:SATIN"""
Sat Industries Ltd,SATINDLTD,"""https://in.tradingview.com/chart/2bVEvBAI/?symbol=NSE:SATINDLTD"""
Saurashtra Cement Ltd,SAURASHCEM,"""https://in.tradingview.com/chart/2bVEvBAI/?symbol=NSE:SAURASHCEM"""
SBC Exports Ltd,SBC,"""https://in.tradingview.com/chart/2bVEvBAI/?symbol=NSE:SBC"""
Shivalik Bimetal Controls Ltd,SBCL,"""https://in.tradingview.com/chart/2bVEvBAI/?symbol=NSE:SBCL"""
SBFC Finance Ltd,SBFC,"""https://in.tradingview.com/chart/2bVEvBAI/?symbol=NSE:SBFC"""
SBI Cards & Payment Services Ltd,SBICARD,"""https://in.tradingview.com/chart/2bVEvBAI/?symbol=NSE:SBICARD"""
SBI ETF Consumption,SBIETFCON,"""https://in.tradingview.com/chart/2bVEvBAI/?symbol=NSE:SBIETFCON"""
SBI ETF IT,SBIETFIT,"""https://in.tradingview.com/chart/2bVEvBAI/?symbol=NSE:SBIETFIT"""
SBI ETF PRIVATE BANK,SBIETFPB,"""https://in.tradingview.com/chart/2bVEvBAI/?symbol=NSE:SBIETFPB"""
SBI - ETF Quality,SBIETFQLTY,"""https://in.tradingview.com/chart/2bVEvBAI/?symbol=NSE:SBIETFQLTY"""
SBI Life Insurance Company Ltd,SBILIFE,"""https://in.tradingview.com/chart/2bVEvBAI/?symbol=NSE:SBILIFE"""
State Bank Of India,SBIN,"""https://in.tradingview.com/chart/2bVEvBAI/?symbol=NSE:SBIN"""
SBI Nifty50 Equal Weight ETF,SBINEQWETF,"""https://in.tradingview.com/chart/2bVEvBAI/?symbol=NSE:SBINEQWETF"""
SBI Silver ETF,SBISILVER,"""https://in.tradingview.com/chart/2bVEvBAI/?symbol=NSE:SBISILVER"""
Schaeffler India Ltd,SCHAEFFLER,"""https://in.tradingview.com/chart/2bVEvBAI/?symbol=NSE:SCHAEFFLER"""
S Chand and Company Limited,SCHAND,"""https://in.tradingview.com/chart/2bVEvBAI/?symbol=NSE:SCHAND"""
Schneider Electric Infrastructure Limited,SCHNEIDER,"""https://in.tradingview.com/chart/2bVEvBAI/?symbol=NSE:SCHNEIDER"""
Shipping Corporation Of India Limited,SCI,"""https://in.tradingview.com/chart/2bVEvBAI/?symbol=NSE:SCI"""
Shipping Corporation of India Land & Assets Ltd,SCILAL,"""https://in.tradingview.com/chart/2bVEvBAI/?symbol=NSE:SCILAL"""
Sheetal Cool Products Ltd,SCPL,"""https://in.tradingview.com/chart/2bVEvBAI/?symbol=NSE:SCPL"""
Som Distilleries & Breweries Limited,SDBL,"""https://in.tradingview.com/chart/2bVEvBAI/?symbol=NSE:SDBL"""
Nippon India ETF Nifty SDL-2026 Maturity,SDL26BEES,"""https://in.tradingview.com/chart/2bVEvBAI/?symbol=NSE:SDL26BEES"""
Seamec Limited,SEAMECLTD,"""https://in.tradingview.com/chart/2bVEvBAI/?symbol=NSE:SEAMECLTD"""
Secmark Consultancy Ltd,SECMARK,"""https://in.tradingview.com/chart/2bVEvBAI/?symbol=NSE:SECMARK"""
SecureKloud Technologies Ltd,SECURKLOUD,"""https://in.tradingview.com/chart/2bVEvBAI/?symbol=NSE:SECURKLOUD"""
Sejal Glass Ltd,SEJALLTD,"""https://in.tradingview.com/chart/2bVEvBAI/?symbol=NSE:SEJALLTD"""
Selan Exploration Technology Limited,SELAN,"""https://in.tradingview.com/chart/2bVEvBAI/?symbol=NSE:SELAN"""
SEL Manufacturing Company Ltd,SELMC,"""https://in.tradingview.com/chart/2bVEvBAI/?symbol=NSE:SELMC"""
Senco Gold Ltd,SENCO,"""https://in.tradingview.com/chart/2bVEvBAI/?symbol=NSE:SENCO"""
Senores Pharmaceuticals Ltd,SENORES,"""https://in.tradingview.com/chart/2bVEvBAI/?symbol=NSE:SENORES"""
DSP S&P BSE Sensex ETF,SENSEXADD,"""https://in.tradingview.com/chart/2bVEvBAI/?symbol=NSE:SENSEXADD"""
Mirae Asset S&P BSE Sensex ETF,SENSEXETF,"""https://in.tradingview.com/chart/2bVEvBAI/?symbol=NSE:SENSEXETF"""
